supmst,UPDATE,2022-10-31T10:11:31-04:00,----,531962,A000058354,TRKNONE,1,null,null,null,null,null,null,null,null,null,null,2022-10-31T10:11:31-04:00,2021-04-08T01:34:44-04:00,null,null,SLDOWNLOAD_0,SLDOWNLOAD_0,SUPP531962,AMAZON BEAUTY INC,SUP,80 PARK AVENUE,null,null,NEW YORK,NY,10016,null,2022-11-07
supmst,UPDATE,2022-10-31T10:11:31-04:00,----,506071,A000058356,TRKNONE,1,null,null,null,null,null,null,null,null,null,null,2022-10-31T10:11:31-04:00,2019-03-27T01:26:04-04:00,null,null,SLDOWNLOAD_0,SLDOWNLOAD_0,SUPP506071,SWISSCO LLC,SUP,THE CIT GROUP/COMMERCIAL,null,null,CHARLOTTE,NC,28201,null,2022-11-07
supmst,UPDATE,2022-10-31T10:11:31-04:00,----,532101,A000058372,TRKNONE,1,null,null,null,null,null,null,null,null,null,null,2022-10-31T10:11:31-04:00,2021-04-08T01:34:46-04:00,null,null,SLDOWNLOAD_0,SLDOWNLOAD_0,SUPP532101,DAVID PIRROTTA DIST,SUP,7424 1/2 W SUNSET BLVD,null,null,LOS ANGELES,CA,90046,null,2022-11-07
supmst,UPDATE,2022-10-31T10:11:31-04:00,----,532119,A000058374,TRKNONE,1,null,null,null,null,null,null,null,null,null,null,2022-10-31T10:11:31-04:00,2021-04-08T01:34:46-04:00,null,null,SLDOWNLOAD_0,SLDOWNLOAD_0,SUPP532119,SUA INC.,SUP,5-7-17 MINAMI AOYAMA,null,null,MINATO-KU,12,107-0062,null,2022-11-07
supmst,UPDATE,2022-10-31T10:11:31-04:00,----,507541,A000058377,TRKNONE,1,null,null,null,null,null,null,null,null,null,null,2022-10-31T10:11:31-04:00,2021-04-08T01:32:14-04:00,null,null,SLDOWNLOAD_0,SLDOWNLOAD_0,SUPP507541,VALUELINK,SUP,VALULINK GIFT & SPENDING CARD,null,null,ENGLEWOOD,CO,80150,null,2022-11-07
supmst,UPDATE,2022-10-31T10:11:31-04:00,----,532135,A000058379,TRKNONE,1,null,null,null,null,null,null,null,null,null,null,2022-10-31T10:11:31-04:00,2021-04-08T01:34:47-04:00,null,null,SLDOWNLOAD_0,SLDOWNLOAD_0,SUPP532135,ELITE MARKETING LC,SUP,4000 EAST HWY 6,null,null,SPANISH FORK,UT,84660,null,2022-11-07
supmst,UPDATE,2022-10-31T10:11:31-04:00,----,507897,A000058382,TRKNONE,1,null,null,null,null,null,null,null,null,null,null,2022-10-31T10:11:31-04:00,2019-03-27T01:26:05-04:00,null,null,SLDOWNLOAD_0,SLDOWNLOAD_0,SUPP507897,ZADRO PRODUCTS INC,SUP,5422 ARGOSY DRIVE,null,null,HUNTINGTON BEACH,CA,92649,null,2022-11-07
supmst,UPDATE,2022-10-31T10:11:31-04:00,----,532176,A000058385,TRKNONE,1,null,null,null,null,null,null,null,null,null,null,2022-10-31T10:11:31-04:00,2021-04-08T01:34:47-04:00,null,null,SLDOWNLOAD_0,SLDOWNLOAD_0,SUPP532176,SACHAJUAN,SUP,BIRGER JARLSGATAN 18,null,null,STOCKHOLM,35,null,null,2022-11-07
supmst,UPDATE,2022-10-31T10:11:31-04:00,----,508069,A000058388,TRKNONE,1,null,null,null,null,null,null,null,null,null,null,2022-10-31T10:11:31-04:00,2021-04-08T01:32:15-04:00,null,null,SLDOWNLOAD_0,SLDOWNLOAD_0,SUPP508069,TARTE INC.,SUP,TARTE INC.,null,null,NEW YORK,NY,10018,null,2022-11-07
supmst,UPDATE,2022-10-31T10:11:31-04:00,----,532218,A000058391,TRKNONE,1,null,null,null,null,null,null,null,null,null,null,2022-10-31T10:11:31-04:00,2021-04-08T01:34:48-04:00,null,null,SLDOWNLOAD_0,SLDOWNLOAD_0,SUPP532218,AQUIS INC,SUP,14 COMMERCIAL BLVD,null,null,NOVATO,CA,94949,null,2022-11-07
supmst,UPDATE,2022-10-31T10:11:31-04:00,----,532242,A000058398,TRKNONE,1,null,null,null,null,null,null,null,null,null,null,2022-10-31T10:11:31-04:00,2021-04-08T01:34:49-04:00,null,null,SLDOWNLOAD_0,SLDOWNLOAD_0,SUPP532242,DOLLAR SHAVE CLUB,SUP,13335 MAXELLA AVENUE,null,null,MARINA DEL REY,CA,90292,null,2022-11-07
supmst,UPDATE,2022-10-31T10:11:31-04:00,----,532325,A000058401,TRKNONE,1,null,null,null,null,null,null,null,null,null,null,2022-10-31T10:11:31-04:00,2021-04-08T01:34:49-04:00,null,null,SLDOWNLOAD_0,SLDOWNLOAD_0,SUPP532325,LITHOTECH INC,SUP,2020 N 22ND AVENUE,null,null,PHOENIX,AZ,85009,null,2022-11-07
supmst,UPDATE,2022-10-31T10:11:31-04:00,----,508648,A000058404,TRKNONE,1,null,null,null,null,null,null,null,null,null,null,2022-10-31T10:11:31-04:00,2021-04-08T01:32:17-04:00,null,null,SLDOWNLOAD_0,SLDOWNLOAD_0,SUPP508648,ROSEBUD PERFUME CO.,SUP,PO BOX 44,null,null,WOODSBORO,MD,21798,null,2022-11-07
supmst,UPDATE,2022-10-31T10:11:31-04:00,----,532382,A000058407,TRKNONE,1,null,null,null,null,null,null,null,null,null,null,2022-10-31T10:11:31-04:00,2021-04-08T01:34:50-04:00,null,null,SLDOWNLOAD_0,SLDOWNLOAD_0,SUPP532382,THE BABE DESTINATION PTY,SUP,PO BOX 357,null,null,MELBOURNE,01,8009,null,2022-11-07
supmst,UPDATE,2022-10-31T10:11:31-04:00,----,508796,A000058410,TRKNONE,1,null,null,null,null,null,null,null,null,null,null,2022-10-31T10:11:31-04:00,2021-04-08T01:32:18-04:00,null,null,SLDOWNLOAD_0,SLDOWNLOAD_0,SUPP508796,OLE HENRIKSEN,SUP,"OLE HENRIKSEN OF DENMARK, INC.",null,null,VAN NUYS,CA,91406,null,2022-11-07
supmst,UPDATE,2022-10-31T10:11:31-04:00,----,532424,A000058413,TRKNONE,1,null,null,null,null,null,null,null,null,null,null,2022-10-31T10:11:31-04:00,2021-04-08T01:34:50-04:00,null,null,SLDOWNLOAD_0,SLDOWNLOAD_0,SUPP532424,HAVE AND BE USA INC,SUP,168 FIFTH AVENUE,null,null,NEW YORK,NY,10010,null,2022-11-07
supmst,UPDATE,2022-10-31T10:11:31-04:00,----,523555,A000058606,TRKNONE,1,null,null,null,null,null,null,null,null,null,null,2022-10-31T10:11:31-04:00,2019-03-27T01:26:14-04:00,null,null,SLDOWNLOAD_0,SLDOWNLOAD_0,SUPP523555,SCHIFTER + PARTNERS LLC,SUP,SCHIFTER + PARTNERS LLC,null,null,NEW YORK,NY,10010,null,2022-11-07
supmst,UPDATE,2022-10-31T10:11:31-04:00,----,523605,A000058609,TRKNONE,1,null,null,null,null,null,null,null,null,null,null,2022-10-31T10:11:31-04:00,2019-03-27T01:26:14-04:00,null,null,SLDOWNLOAD_0,SLDOWNLOAD_0,SUPP523605,ONDEMAND COLOR GROUP,SUP,CHRISTOPHER GRAVAGNA,null,null,LONG ISLAND CITY,NY,11101,null,2022-11-07
supmst,UPDATE,2022-10-31T10:11:31-04:00,----,523860,A000058616,TRKNONE,1,null,null,null,null,null,null,null,null,null,null,2022-10-31T10:11:31-04:00,2019-03-27T01:26:15-04:00,null,null,SLDOWNLOAD_0,SLDOWNLOAD_0,SUPP523860,LF BEAUTY,SUP,"2/F, HK SPINNERS INDUSTRIAL",null,null,KOWLOON,HK,null,null,2022-11-07
supmst,UPDATE,2022-10-31T10:11:31-04:00,----,524009,A000058619,TRKNONE,1,null,null,null,null,null,null,null,null,null,null,2022-10-31T10:11:31-04:00,2019-03-27T01:26:15-04:00,null,null,SLDOWNLOAD_0,SLDOWNLOAD_0,SUPP524009,"CLICKR, LLC",SUP,"CLICKR, LLC",null,null,NEWARK,NJ,07101,null,2022-11-07
supmst,UPDATE,2022-10-31T10:11:31-04:00,----,524074,A000058622,TRKNONE,1,null,null,null,null,null,null,null,null,null,null,2022-10-31T10:11:31-04:00,2021-04-08T01:33:15-04:00,null,null,SLDOWNLOAD_0,SLDOWNLOAD_0,SUPP524074,REPRESENTACIONES MORALES,SUP,CALLE CAMPECHE EDIFICIO 14,null,null,CAROLINA,PR,00979,null,2022-11-07
supmst,UPDATE,2022-10-31T10:11:31-04:00,----,524173,A000058629,TRKNONE,1,null,null,null,null,null,null,null,null,null,null,2022-10-31T10:11:31-04:00,2021-04-08T01:33:18-04:00,null,null,SLDOWNLOAD_0,SLDOWNLOAD_0,SUPP524173,ILLAMASQUA LTD,SUP,C/O PROPAGANDA CALLS WHARF,null,null,"LEED, WEST YORKSHIRE",19,LS2 7JU,null,2022-11-07
supmst,UPDATE,2022-10-31T10:11:31-04:00,----,524272,A000058632,TRKNONE,1,null,null,null,null,null,null,null,null,null,null,2022-10-31T10:11:31-04:00,2021-04-08T01:33:19-04:00,null,null,SLDOWNLOAD_0,SLDOWNLOAD_0,SUPP524272,"HOME SKINOVATIONS, INC.",SUP,"200 WEST BEAVER CREEK ROAD,",null,null,"RICHMOND HILL, ONTARIO",04,L4B 1B4,null,2022-11-07
supmst,UPDATE,2022-10-31T10:11:31-04:00,----,524439,A000058635,TRKNONE,1,null,null,null,null,null,null,null,null,null,null,2022-10-31T10:11:31-04:00,2021-04-08T01:33:20-04:00,null,null,SLDOWNLOAD_0,SLDOWNLOAD_0,SUPP524439,FIRST AID BEAUTY LTD,SUP,10 GRAY CLIFF ROAD NEWTON,null,null,NEWTON,MA,02459,null,2022-11-07
supmst,UPDATE,2022-10-31T10:11:31-04:00,----,524538,A000058638,TRKNONE,1,null,null,null,null,null,null,null,null,null,null,2022-10-31T10:11:31-04:00,2019-03-27T01:26:17-04:00,null,null,SLDOWNLOAD_0,SLDOWNLOAD_0,SUPP524538,HOTLOOKS LTD,SUP,28 BUCI CRESCENT,null,null,"SHOREHAM-BY-SEA,WEST SUSSEX",19,BN43 6LB,null,2022-11-07
supmst,UPDATE,2022-10-31T10:11:31-04:00,----,524595,A000058641,TRKNONE,1,null,null,null,null,null,null,null,null,null,null,2022-10-31T10:11:31-04:00,2019-03-27T01:26:17-04:00,null,null,SLDOWNLOAD_0,SLDOWNLOAD_0,SUPP524595,THE TONYTAIL COMPANY INC.,SUP,12919 ALCOSTA BLVD. #4,null,null,SAN RAMON,CA,94583,null,2022-11-07
supmst,UPDATE,2022-10-31T10:11:31-04:00,----,524660,A000058644,TRKNONE,1,null,null,null,null,null,null,null,null,null,null,2022-10-31T10:11:31-04:00,2019-03-27T01:26:17-04:00,null,null,SLDOWNLOAD_0,SLDOWNLOAD_0,SUPP524660,TANNIS ROOT PRODUCTIONS,SUP,731 WEST HARGETT ST,null,null,RALEIGH,NC,27603,null,2022-11-07
supmst,UPDATE,2022-10-31T10:11:31-04:00,----,524868,A000058647,TRKNONE,1,null,null,null,null,null,null,null,null,null,null,2022-10-31T10:11:31-04:00,2021-04-08T01:33:24-04:00,null,null,SLDOWNLOAD_0,SLDOWNLOAD_0,SUPP524868,CLEAN START DERMALOGICA,SUP,720 KING STREET WEST,null,null,TORONTO,04,M5V 2T3,null,2022-11-07
supmst,UPDATE,2022-10-31T10:11:31-04:00,----,524983,A000058650,TRKNONE,1,null,null,null,null,null,null,null,null,null,null,2022-10-31T10:11:31-04:00,2019-03-27T01:26:18-04:00,null,null,SLDOWNLOAD_0,SLDOWNLOAD_0,SUPP524983,"COSMETIC DERMATOLOGY, INC",SUP,8798 NW 15 STREET,null,null,DORAL,FL,33172,null,2022-11-07
supmst,UPDATE,2022-10-31T10:11:31-04:00,----,525048,A000058653,TRKNONE,1,null,null,null,null,null,null,null,null,null,null,2022-10-31T10:11:31-04:00,2021-04-08T01:33:25-04:00,null,null,SLDOWNLOAD_0,SLDOWNLOAD_0,SUPP525048,KENDO-ANISA INT,SUP,525 MARKET ST,null,null,SAN FRANCISCO,CA,94105,null,2022-11-07
supmst,UPDATE,2022-10-31T10:11:31-04:00,----,525121,A000058660,TRKNONE,1,null,null,null,null,null,null,null,null,null,null,2022-10-31T10:11:31-04:00,2021-04-08T01:33:26-04:00,null,null,SLDOWNLOAD_0,SLDOWNLOAD_0,SUPP525121,KENDO-LUFT INDUSTRIE LLC,SUP,525 MARKET ST,null,null,SAN FRANCISCO,CA,94105,null,2022-11-07
supmst,UPDATE,2022-10-31T10:11:31-04:00,----,525188,A000058666,TRKNONE,1,null,null,null,null,null,null,null,null,null,null,2022-10-31T10:11:31-04:00,2021-04-08T01:33:27-04:00,null,null,SLDOWNLOAD_0,SLDOWNLOAD_0,SUPP525188,KENDO-JUICY COUTURE ACC,SUP,525 MARKET ST,null,null,SAN FRANCISCO,CA,94105,null,2022-11-07
supmst,UPDATE,2022-10-31T10:11:31-04:00,----,525279,A000058675,TRKNONE,1,null,null,null,null,null,null,null,null,null,null,2022-10-31T10:11:31-04:00,2021-04-08T01:33:28-04:00,null,null,SLDOWNLOAD_0,SLDOWNLOAD_0,SUPP525279,KENDO-COSWEL KOREA,SUP,525 MARKET ST,null,null,SAN FRANCISCO,CA,94105,null,2022-11-07
supmst,UPDATE,2022-10-31T10:11:31-04:00,----,525535,A000058685,TRKNONE,1,null,null,null,null,null,null,null,null,null,null,2022-10-31T10:11:31-04:00,2021-04-08T01:33:30-04:00,null,null,SLDOWNLOAD_0,SLDOWNLOAD_0,SUPP525535,KENDO-HWA SUNG COSMETICS,SUP,525 MARKET ST FL 32,null,null,SAN FRANCISCO,CA,94105,null,2022-11-07
supmst,UPDATE,2022-10-31T10:11:31-04:00,----,526301,A000058728,TRKNONE,1,null,null,null,null,null,null,null,null,null,null,2022-10-31T10:11:31-04:00,2019-03-27T01:26:25-04:00,null,null,SLDOWNLOAD_0,SLDOWNLOAD_0,SUPP526301,KENDO-KINDER CRYSTAL CRFT,SUP,525 MARTKET ST,null,null,SAN FRANCISCO,CA,94105,null,2022-11-07
supmst,UPDATE,2022-10-31T10:11:31-04:00,----,533596,A000059135,TRKNONE,1,null,null,null,null,null,null,null,null,null,null,2022-10-31T10:11:31-04:00,2021-04-08T01:31:48-04:00,null,null,SLDOWNLOAD_0,SLDOWNLOAD_0,SUPP533596,PERFUMES ETC - COTY HFC,SUP,6880 COLUMBUS  ROAD,null,null,"MISSISSAUGA,ONTARIO",04,L5T 2G1,null,2022-11-07
supmst,UPDATE,2022-10-31T15:14:35-04:00,----,531962,A000058354,TRKNONE,1,null,null,null,null,null,null,null,null,null,null,2022-10-31T15:14:35-04:00,2021-04-08T01:34:44-04:00,null,null,SLDOWNLOAD_0,SLDOWNLOAD_0,SUPP531962,AMAZON BEAUTY INC,SUP,80 PARK AVENUE,null,null,NEW YORK,NY,10016,null,2022-11-07
supmst,UPDATE,2022-10-31T15:14:35-04:00,----,506071,A000058356,TRKNONE,1,null,null,null,null,null,null,null,null,null,null,2022-10-31T15:14:35-04:00,2019-03-27T01:26:04-04:00,null,null,SLDOWNLOAD_0,SLDOWNLOAD_0,SUPP506071,SWISSCO LLC,SUP,THE CIT GROUP/COMMERCIAL,null,null,CHARLOTTE,NC,28201,null,2022-11-07
supmst,UPDATE,2022-10-31T15:14:35-04:00,----,532101,A000058372,TRKNONE,1,null,null,null,null,null,null,null,null,null,null,2022-10-31T15:14:35-04:00,2021-04-08T01:34:46-04:00,null,null,SLDOWNLOAD_0,SLDOWNLOAD_0,SUPP532101,DAVID PIRROTTA DIST,SUP,7424 1/2 W SUNSET BLVD,null,null,LOS ANGELES,CA,90046,null,2022-11-07
supmst,UPDATE,2022-10-31T15:14:35-04:00,----,532119,A000058374,TRKNONE,1,null,null,null,null,null,null,null,null,null,null,2022-10-31T15:14:35-04:00,2021-04-08T01:34:46-04:00,null,null,SLDOWNLOAD_0,SLDOWNLOAD_0,SUPP532119,SUA INC.,SUP,5-7-17 MINAMI AOYAMA,null,null,MINATO-KU,12,107-0062,null,2022-11-07
supmst,UPDATE,2022-10-31T15:14:35-04:00,----,507541,A000058377,TRKNONE,1,null,null,null,null,null,null,null,null,null,null,2022-10-31T15:14:35-04:00,2021-04-08T01:32:14-04:00,null,null,SLDOWNLOAD_0,SLDOWNLOAD_0,SUPP507541,VALUELINK,SUP,VALULINK GIFT & SPENDING CARD,null,null,ENGLEWOOD,CO,80150,null,2022-11-07
supmst,UPDATE,2022-10-31T15:14:35-04:00,----,532135,A000058379,TRKNONE,1,null,null,null,null,null,null,null,null,null,null,2022-10-31T15:14:35-04:00,2021-04-08T01:34:47-04:00,null,null,SLDOWNLOAD_0,SLDOWNLOAD_0,SUPP532135,ELITE MARKETING LC,SUP,4000 EAST HWY 6,null,null,SPANISH FORK,UT,84660,null,2022-11-07
supmst,UPDATE,2022-10-31T15:14:35-04:00,----,507897,A000058382,TRKNONE,1,null,null,null,null,null,null,null,null,null,null,2022-10-31T15:14:35-04:00,2019-03-27T01:26:05-04:00,null,null,SLDOWNLOAD_0,SLDOWNLOAD_0,SUPP507897,ZADRO PRODUCTS INC,SUP,5422 ARGOSY DRIVE,null,null,HUNTINGTON BEACH,CA,92649,null,2022-11-07
supmst,UPDATE,2022-10-31T15:14:35-04:00,----,532176,A000058385,TRKNONE,1,null,null,null,null,null,null,null,null,null,null,2022-10-31T15:14:35-04:00,2021-04-08T01:34:47-04:00,null,null,SLDOWNLOAD_0,SLDOWNLOAD_0,SUPP532176,SACHAJUAN,SUP,BIRGER JARLSGATAN 18,null,null,STOCKHOLM,35,null,null,2022-11-07
supmst,UPDATE,2022-10-31T15:14:35-04:00,----,508069,A000058388,TRKNONE,1,null,null,null,null,null,null,null,null,null,null,2022-10-31T15:14:35-04:00,2021-04-08T01:32:15-04:00,null,null,SLDOWNLOAD_0,SLDOWNLOAD_0,SUPP508069,TARTE INC.,SUP,TARTE INC.,null,null,NEW YORK,NY,10018,null,2022-11-07
supmst,UPDATE,2022-10-31T15:14:35-04:00,----,532218,A000058391,TRKNONE,1,null,null,null,null,null,null,null,null,null,null,2022-10-31T15:14:35-04:00,2021-04-08T01:34:48-04:00,null,null,SLDOWNLOAD_0,SLDOWNLOAD_0,SUPP532218,AQUIS INC,SUP,14 COMMERCIAL BLVD,null,null,NOVATO,CA,94949,null,2022-11-07
supmst,UPDATE,2022-10-31T15:14:35-04:00,----,532242,A000058398,TRKNONE,1,null,null,null,null,null,null,null,null,null,null,2022-10-31T15:14:35-04:00,2021-04-08T01:34:49-04:00,null,null,SLDOWNLOAD_0,SLDOWNLOAD_0,SUPP532242,DOLLAR SHAVE CLUB,SUP,13335 MAXELLA AVENUE,null,null,MARINA DEL REY,CA,90292,null,2022-11-07
supmst,UPDATE,2022-10-31T15:14:35-04:00,----,532325,A000058401,TRKNONE,1,null,null,null,null,null,null,null,null,null,null,2022-10-31T15:14:35-04:00,2021-04-08T01:34:49-04:00,null,null,SLDOWNLOAD_0,SLDOWNLOAD_0,SUPP532325,LITHOTECH INC,SUP,2020 N 22ND AVENUE,null,null,PHOENIX,AZ,85009,null,2022-11-07
supmst,UPDATE,2022-10-31T15:14:35-04:00,----,508648,A000058404,TRKNONE,1,null,null,null,null,null,null,null,null,null,null,2022-10-31T15:14:35-04:00,2021-04-08T01:32:17-04:00,null,null,SLDOWNLOAD_0,SLDOWNLOAD_0,SUPP508648,ROSEBUD PERFUME CO.,SUP,PO BOX 44,null,null,WOODSBORO,MD,21798,null,2022-11-07
supmst,UPDATE,2022-10-31T15:14:35-04:00,----,532382,A000058407,TRKNONE,1,null,null,null,null,null,null,null,null,null,null,2022-10-31T15:14:35-04:00,2021-04-08T01:34:50-04:00,null,null,SLDOWNLOAD_0,SLDOWNLOAD_0,SUPP532382,THE BABE DESTINATION PTY,SUP,PO BOX 357,null,null,MELBOURNE,01,8009,null,2022-11-07
supmst,UPDATE,2022-10-31T15:14:35-04:00,----,508796,A000058410,TRKNONE,1,null,null,null,null,null,null,null,null,null,null,2022-10-31T15:14:35-04:00,2021-04-08T01:32:18-04:00,null,null,SLDOWNLOAD_0,SLDOWNLOAD_0,SUPP508796,OLE HENRIKSEN,SUP,"OLE HENRIKSEN OF DENMARK, INC.",null,null,VAN NUYS,CA,91406,null,2022-11-07
supmst,UPDATE,2022-10-31T15:14:35-04:00,----,532424,A000058413,TRKNONE,1,null,null,null,null,null,null,null,null,null,null,2022-10-31T15:14:35-04:00,2021-04-08T01:34:50-04:00,null,null,SLDOWNLOAD_0,SLDOWNLOAD_0,SUPP532424,HAVE AND BE USA INC,SUP,168 FIFTH AVENUE,null,null,NEW YORK,NY,10010,null,2022-11-07
supmst,UPDATE,2022-10-31T15:14:35-04:00,----,524983,A000058650,TRKNONE,1,null,null,null,null,null,null,null,null,null,null,2022-10-31T15:14:35-04:00,2019-03-27T01:26:18-04:00,null,null,SLDOWNLOAD_0,SLDOWNLOAD_0,SUPP524983,"COSMETIC DERMATOLOGY, INC",SUP,8798 NW 15 STREET,null,null,DORAL,FL,33172,null,2022-11-07
supmst,UPDATE,2022-10-31T15:14:35-04:00,----,533869,A002648084,TRKNONE,1,null,null,null,null,null,null,null,null,null,null,2022-10-31T15:14:35-04:00,2021-04-08T01:31:55-04:00,null,null,SLDOWNLOAD_0,SLDOWNLOAD_0,SUPP533869,PRESTILUX INC,SUP,"3537, BOUL. LE CORBUSIER",null,null,"LAVAL, QUEBEC",04,H7L 4Z4,null,2022-11-07
supmst,UPDATE,2022-10-31T15:14:35-04:00,----,534768,A017531825,TRKNONE,1,null,null,null,null,null,null,null,null,null,null,2022-10-31T15:14:35-04:00,2021-04-08T01:32:19-04:00,null,null,SLDOWNLOAD_0,SLDOWNLOAD_0,SUPP534768,MISC VENDOR,SUP,MISC,null,null,CA,04,...,null,2022-11-07
supmst,UPDATE,2022-10-31T15:14:35-04:00,----,500116,A000058173,TRKNONE,1,null,null,null,null,null,null,null,null,null,null,2022-10-31T15:14:35-04:00,2021-04-08T01:31:43-04:00,null,null,SLDOWNLOAD_0,SLDOWNLOAD_0,SUPP500116,GUERLAIN,SUP,GUERLAIN INC.,null,null,CHARLOTTE,NC,28290,null,2022-11-07
supmst,UPDATE,2022-10-31T15:14:35-04:00,----,534313,A012515242,TRKNONE,1,null,null,null,null,null,null,null,null,null,null,2022-10-31T15:14:35-04:00,2021-04-08T01:32:06-04:00,null,null,SLDOWNLOAD_0,SLDOWNLOAD_0,SUPP534313,MAKE-UP ART COSMETICS,SUP,PO BOX 9537 STATION A,null,null,ONTARIO,04,M5W 2K3,null,2022-11-07
supmst,UPDATE,2022-10-31T15:14:35-04:00,----,500496,A000058207,TRKNONE,1,null,null,null,null,null,null,null,null,null,null,2022-10-31T15:14:35-04:00,2021-04-08T01:31:45-04:00,null,null,SLDOWNLOAD_0,SLDOWNLOAD_0,SUPP500496,ELIZABETH ARDEN,SUP,ELIZABETH ARDEN,null,null,E.HARTFORD,CT,06150,null,2022-11-07
supmst,UPDATE,2022-10-31T10:11:31-04:00,----,526459,A000058740,TRKNONE,1,null,null,null,null,null,null,null,null,null,null,2022-10-31T10:11:31-04:00,2021-04-08T01:33:38-04:00,null,null,SLDOWNLOAD_0,SLDOWNLOAD_0,SUPP526459,S.H. KRIKORIAN & CO. LTD,SUP,"1 VALLEYWOOD DRIVE, UNIT 4 & 5",null,null,"MARKHAM, ONTARIO",04,L3R 5L9,null,2022-11-07
supmst,UPDATE,2022-10-31T10:11:31-04:00,----,526608,A000058747,TRKNONE,1,null,null,null,null,null,null,null,null,null,null,2022-10-31T10:11:31-04:00,2021-04-08T01:33:39-04:00,null,null,SLDOWNLOAD_0,SLDOWNLOAD_0,SUPP526608,GIVE BACK BRANDS,SUP,1731 NW 66TH AVE,null,null,PLANTATION,FL,33313,null,2022-11-07
supmst,UPDATE,2022-10-31T10:11:31-04:00,----,526764,A000058757,TRKNONE,1,null,null,null,null,null,null,null,null,null,null,2022-10-31T10:11:31-04:00,2021-04-08T01:33:40-04:00,null,null,SLDOWNLOAD_0,SLDOWNLOAD_0,SUPP526764,KENDO-B.KOLOR,SUP,525 MARKET ST,null,null,SAN FRANCISCO,CA,94105,null,2022-11-07
supmst,UPDATE,2022-10-31T10:11:31-04:00,----,526863,A000058764,TRKNONE,1,null,null,null,null,null,null,null,null,null,null,2022-10-31T10:11:31-04:00,2021-04-08T01:33:42-04:00,null,null,SLDOWNLOAD_0,SLDOWNLOAD_0,SUPP526863,L'OREAL CANADA,SUP,L'ORï¿½AL CANADA,null,null,"ST-LAURENT, QUEBEC",04,H4L 4X1,null,2022-11-07
supmst,UPDATE,2022-10-31T10:11:31-04:00,----,526970,A000058771,TRKNONE,1,null,null,null,null,null,null,null,null,null,null,2022-10-31T10:11:31-04:00,2021-04-08T01:33:43-04:00,null,null,SLDOWNLOAD_0,SLDOWNLOAD_0,SUPP526970,KENDO-YIWU MAOTUO INTNTL,SUP,525 MARKET STREET,null,null,SAN FRANCISCO,CA,94105,null,2022-11-07
supmst,UPDATE,2022-10-31T10:11:31-04:00,----,527077,A000058778,TRKNONE,1,null,null,null,null,null,null,null,null,null,null,2022-10-31T10:11:31-04:00,2021-04-08T01:33:44-04:00,null,null,SLDOWNLOAD_0,SLDOWNLOAD_0,SUPP527077,TATCHA LLC,SUP,1517 NORTH POINT ST.,null,null,SAN FRANCISCO,CA,94123,null,2022-11-07
supmst,UPDATE,2022-10-31T10:11:31-04:00,----,527150,A000058785,TRKNONE,1,null,null,null,null,null,null,null,null,null,null,2022-10-31T10:11:31-04:00,2021-04-08T01:33:45-04:00,null,null,SLDOWNLOAD_0,SLDOWNLOAD_0,SUPP527150,MEDLINE,SUP,ONE MEDLINE PLACE,null,null,MUNDELEIN,IL,60061,null,2022-11-07
supmst,UPDATE,2022-10-31T10:11:31-04:00,----,527275,A000058792,TRKNONE,1,null,null,null,null,null,null,null,null,null,null,2022-10-31T10:11:31-04:00,2021-04-08T01:33:46-04:00,null,null,SLDOWNLOAD_0,SLDOWNLOAD_0,SUPP527275,KENDO-KAT VON D,SUP,525 MARKET ST,null,null,SAN FRANCISCO,CA,94105,null,2022-11-07
supmst,UPDATE,2022-10-31T10:11:31-04:00,----,534230,A011222599,TRKNONE,1,null,null,null,null,null,null,null,null,null,null,2022-10-31T10:11:31-04:00,2021-04-08T01:32:04-04:00,null,null,SLDOWNLOAD_0,SLDOWNLOAD_0,SUPP534230,SASI GROUP PTY LTD,SUP,14 MC PHERSON ST,null,null,SYDNEY,01,2567,null,2022-11-07
supmst,UPDATE,2022-10-31T10:11:31-04:00,----,533737,A000087106,TRKNONE,1,null,null,null,null,null,null,null,null,null,null,2022-10-31T10:11:31-04:00,2021-04-08T01:31:52-04:00,null,null,SLDOWNLOAD_0,SLDOWNLOAD_0,SUPP533737,COLOURPOP COSMETICS LLC,SUP,1400 STELLAR DRIVE,null,null,OXNARD,CA,93033,null,2022-11-07
supmst,UPDATE,2022-10-31T10:11:31-04:00,----,533869,A002648084,TRKNONE,1,null,null,null,null,null,null,null,null,null,null,2022-10-31T10:11:31-04:00,2021-04-08T01:31:55-04:00,null,null,SLDOWNLOAD_0,SLDOWNLOAD_0,SUPP533869,PRESTILUX INC,SUP,"3537, BOUL. LE CORBUSIER",null,null,"LAVAL, QUEBEC",04,H7L 4Z4,null,2022-11-07
supmst,UPDATE,2022-10-31T10:11:31-04:00,----,534065,A008694994,TRKNONE,1,null,null,null,null,null,null,null,null,null,null,2022-10-31T10:11:31-04:00,2021-04-08T01:32:00-04:00,null,null,SLDOWNLOAD_0,SLDOWNLOAD_0,SUPP534065,VOLUSPA,SUP,2900 MCCABE WAY,null,null,IRVINE,CA,92614,null,2022-11-07
supmst,UPDATE,2022-10-31T10:11:31-04:00,----,534743,A017491024,TRKNONE,1,null,null,null,null,null,null,null,null,null,null,2022-10-31T10:11:31-04:00,2021-04-08T01:32:19-04:00,null,null,SLDOWNLOAD_0,SLDOWNLOAD_0,SUPP534743,"GOOD DYE YOUNG, INC.",SUP,829 GALE LANE,null,null,NASHVILLE,TN,37204,null,2022-11-07
supmst,UPDATE,2022-10-31T10:11:31-04:00,----,534768,A017531825,TRKNONE,1,null,null,null,null,null,null,null,null,null,null,2022-10-31T10:11:31-04:00,2021-04-08T01:32:19-04:00,null,null,SLDOWNLOAD_0,SLDOWNLOAD_0,SUPP534768,MISC VENDOR,SUP,MISC,null,null,CA,04,...,null,2022-11-07
supmst,UPDATE,2022-10-31T10:11:31-04:00,----,535070,A023513937,TRKNONE,1,null,null,null,null,null,null,null,null,null,null,2022-10-31T10:11:31-04:00,2021-04-08T01:32:29-04:00,null,null,SLDOWNLOAD_0,SLDOWNLOAD_0,SUPP535070,OLLY PUBLIC BENEFIT CORP,SUP,1169 GORGAS AVENUE,null,null,SAN FRANCISCO,CA,94129,null,2022-11-07
supmst,UPDATE,2022-10-31T10:11:31-04:00,----,500116,A000058173,TRKNONE,1,null,null,null,null,null,null,null,null,null,null,2022-10-31T10:11:31-04:00,2021-04-08T01:31:43-04:00,null,null,SLDOWNLOAD_0,SLDOWNLOAD_0,SUPP500116,GUERLAIN,SUP,GUERLAIN INC.,null,null,CHARLOTTE,NC,28290,null,2022-11-07
supmst,UPDATE,2022-10-31T10:11:31-04:00,----,533646,A000059140,TRKNONE,1,null,null,null,null,null,null,null,null,null,null,2022-10-31T10:11:31-04:00,2021-04-08T01:31:50-04:00,null,null,SLDOWNLOAD_0,SLDOWNLOAD_0,SUPP533646,GUTHY-RENKER LLC,SUP,GUTHY RENKER LLC,null,null,EL SEGUNDO,CA,90245,null,2022-11-07
supmst,UPDATE,2022-10-31T10:11:31-04:00,----,533885,A002804197,TRKNONE,1,null,null,null,null,null,null,null,null,null,null,2022-10-31T10:11:31-04:00,2021-04-08T01:31:55-04:00,null,null,SLDOWNLOAD_0,SLDOWNLOAD_0,SUPP533885,SLIP SILK PILLOWCASE LLC,SUP,SLIP SILK PILLOWCASE LLC,null,null,NEW YORK,NY,10017,null,2022-11-07
supmst,UPDATE,2022-10-31T10:11:31-04:00,----,533984,A008158644,TRKNONE,1,null,null,null,null,null,null,null,null,null,null,2022-10-31T10:11:31-04:00,2021-04-08T01:31:58-04:00,null,null,SLDOWNLOAD_0,SLDOWNLOAD_0,SUPP533984,BY KILIAN,SUP,BY KILIAN INC.,null,null,PITTSBURGH,PA,15251,null,2022-11-07
supmst,UPDATE,2022-10-31T10:11:31-04:00,----,534107,A009282220,TRKNONE,1,null,null,null,null,null,null,null,null,null,null,2022-10-31T10:11:31-04:00,2021-04-08T01:32:00-04:00,null,null,SLDOWNLOAD_0,SLDOWNLOAD_0,SUPP534107,BY KILIAN CA.,SUP,PO BOX 9537 STATION A,null,null,ONTARIO,04,M5W 2K3,null,2022-11-07
supmst,UPDATE,2022-10-31T10:11:31-04:00,----,534131,A010004508,TRKNONE,1,null,null,null,null,null,null,null,null,null,null,2022-10-31T10:11:31-04:00,2021-04-08T01:32:01-04:00,null,null,SLDOWNLOAD_0,SLDOWNLOAD_0,SUPP534131,STRONG BRAND LAB LLC.,SUP,"181 N. 11TH STREET, SUITE 201",null,null,BROOKLYN,NY,11211,null,2022-11-07
supmst,UPDATE,2022-10-31T10:11:31-04:00,----,534255,A011271012,TRKNONE,1,null,null,null,null,null,null,null,null,null,null,2022-10-31T10:11:31-04:00,2021-04-08T01:32:05-04:00,null,null,SLDOWNLOAD_0,SLDOWNLOAD_0,SUPP534255,BDC CANADA,SUP,8590 AIRPORT ROAD,null,null,"BRAMPTON,ONTARIO",04,L6T 5A3,null,2022-11-07
supmst,UPDATE,2022-10-31T10:11:31-04:00,----,534313,A012515242,TRKNONE,1,null,null,null,null,null,null,null,null,null,null,2022-10-31T10:11:31-04:00,2021-04-08T01:32:06-04:00,null,null,SLDOWNLOAD_0,SLDOWNLOAD_0,SUPP534313,MAKE-UP ART COSMETICS,SUP,PO BOX 9537 STATION A,null,null,ONTARIO,04,M5W 2K3,null,2022-11-07
supmst,UPDATE,2022-10-31T10:11:31-04:00,----,500363,A000058195,TRKNONE,1,null,null,null,null,null,null,null,null,null,null,2022-10-31T10:11:31-04:00,2021-04-08T01:31:44-04:00,null,null,SLDOWNLOAD_0,SLDOWNLOAD_0,SUPP500363,NARS COSMETICS,SUP,NARS COSMETIC,null,null,NEWARK,NJ,07189,null,2022-11-07
supmst,UPDATE,2022-10-31T10:11:31-04:00,----,500496,A000058207,TRKNONE,1,null,null,null,null,null,null,null,null,null,null,2022-10-31T10:11:31-04:00,2021-04-08T01:31:45-04:00,null,null,SLDOWNLOAD_0,SLDOWNLOAD_0,SUPP500496,ELIZABETH ARDEN,SUP,ELIZABETH ARDEN,null,null,E.HARTFORD,CT,06150,null,2022-11-07
supmst,UPDATE,2022-10-31T10:11:31-04:00,----,500520,A000058210,TRKNONE,1,null,null,null,null,null,null,null,null,null,null,2022-10-31T10:11:31-04:00,2021-04-08T01:31:46-04:00,null,null,SLDOWNLOAD_0,SLDOWNLOAD_0,SUPP500520,RALPH LAUREN FRAGRANCES,SUP,L'OREAL,null,null,CHARLOTTE,NC,28275,null,2022-11-07
supmst,UPDATE,2022-10-31T10:11:31-04:00,----,500686,A000058215,TRKNONE,1,null,null,null,null,null,null,null,null,null,null,2022-10-31T10:11:31-04:00,2021-04-08T01:31:47-04:00,null,null,SLDOWNLOAD_0,SLDOWNLOAD_0,SUPP500686,SEPHORA S.A.,SUP,65 AVENUE EDOUARD VAILLANT,null,null,BOULOGNE BILLANCOURT,00,92100,null,2022-11-07
supmst,UPDATE,2022-10-31T10:11:31-04:00,----,501007,A000058223,TRKNONE,1,null,null,null,null,null,null,null,null,null,null,2022-10-31T10:11:31-04:00,2021-04-08T01:31:50-04:00,null,null,SLDOWNLOAD_0,SLDOWNLOAD_0,SUPP501007,MISC SUPPLIES VENDOR,SUP,MISC,null,null,SFO,..,..,null,2022-11-07
supmst,UPDATE,2022-10-31T15:14:35-04:00,----,518324,A000058174,TRKNONE,1,null,null,null,null,null,null,null,null,null,null,2022-10-31T15:14:35-04:00,2021-04-08T01:32:51-04:00,null,null,SLDOWNLOAD_0,SLDOWNLOAD_0,SUPP518324,ACQUA DI PARMA,SUP,ACQUA DI PARMA,null,null,NEW YORK,NY,10087,null,2022-11-07
supmst,UPDATE,2022-10-31T15:14:35-04:00,----,532077,A000058177,TRKNONE,1,null,null,null,null,null,null,null,null,null,null,2022-10-31T15:14:35-04:00,2021-04-08T01:34:45-04:00,null,null,SLDOWNLOAD_0,SLDOWNLOAD_0,SUPP532077,SOKO GLAM,SUP,79 MADISON AVENUE,null,null,NEW YORK,NY,10016,null,2022-11-07
supmst,UPDATE,2022-10-31T15:14:35-04:00,----,500033,A000058181,TRKNONE,1,null,null,null,null,null,null,null,null,null,null,2022-10-31T15:14:35-04:00,2021-04-08T01:31:43-04:00,null,null,SLDOWNLOAD_0,SLDOWNLOAD_0,SUPP500033,YSL,SUP,DESIGNER FRAGRANCES,null,null,CHARLOTTE,NC,28275,null,2022-11-07
supmst,UPDATE,2022-10-31T15:14:35-04:00,----,500140,A000058182,TRKNONE,1,null,null,null,null,null,null,null,null,null,null,2022-10-31T15:14:35-04:00,2021-04-08T01:31:43-04:00,null,null,SLDOWNLOAD_0,SLDOWNLOAD_0,SUPP500140,PUIG USA,SUP,PUIG USA INC.,null,null,ATLANTA,GA,31192,null,2022-11-07
supmst,UPDATE,2022-10-31T15:14:35-04:00,----,500777,A000058219,TRKNONE,1,null,null,null,null,null,null,null,null,null,null,2022-10-31T15:14:35-04:00,2021-04-08T01:31:48-04:00,null,null,SLDOWNLOAD_0,SLDOWNLOAD_0,SUPP500777,PETER THOMAS ROTH,SUP,630 FIFTH AVUNUE,null,null,NEW YORK,NY,10111,null,2022-11-07
supmst,UPDATE,2022-10-31T15:14:35-04:00,----,531434,A000058254,TRKNONE,1,null,null,null,null,null,null,null,null,null,null,2022-10-31T15:14:35-04:00,2021-04-08T01:34:36-04:00,null,null,SLDOWNLOAD_0,SLDOWNLOAD_0,SUPP531434,TANDA BEAUTY CANADA,SUP,"380 JAMIESON PARKWAY, UNIT 11",null,null,"CAMBRIDGE, ONTARIO",04,N3C 4N4,null,2022-11-07
supmst,UPDATE,2022-10-31T15:14:35-04:00,----,531459,A000058258,TRKNONE,1,null,null,null,null,null,null,null,null,null,null,2022-10-31T15:14:35-04:00,2021-04-08T01:34:36-04:00,null,null,SLDOWNLOAD_0,SLDOWNLOAD_0,SUPP531459,CAROL COLE COMPANY,SUP,1325 SYCAMORE AVE STE A,null,null,VISTA,CA,92081,null,2022-11-07
supmst,UPDATE,2022-10-31T15:14:35-04:00,----,502484,A000058278,TRKNONE,1,null,null,null,null,null,null,null,null,null,null,2022-10-31T15:14:35-04:00,2021-04-08T01:31:58-04:00,null,null,SLDOWNLOAD_0,SLDOWNLOAD_0,SUPP502484,MURAD LLC,SUP,2121 PARK PLACE,null,null,EL SEGUNDO,CA,90245,null,2022-11-07
supmst,UPDATE,2022-10-31T15:14:35-04:00,----,502633,A000058282,TRKNONE,1,null,null,null,null,null,null,null,null,null,null,2022-10-31T15:14:35-04:00,2021-04-08T01:31:59-04:00,null,null,SLDOWNLOAD_0,SLDOWNLOAD_0,SUPP502633,"CAUDALIE USA, INC",SUP,P.O. BOX 26867,null,null,NEW YORK,NY,10087,null,2022-11-07
supmst,UPDATE,2022-10-31T15:14:35-04:00,----,502906,A000058295,TRKNONE,1,null,null,null,null,null,null,null,null,null,null,2022-10-31T15:14:35-04:00,2019-03-27T01:26:02-04:00,null,null,SLDOWNLOAD_0,SLDOWNLOAD_0,SUPP502906,CROSBY & CO,SUP,"BRUSH OFF, INC.",null,null,S. DENNIS,MA,02660,null,2022-11-07
supmst,UPDATE,2022-10-31T15:14:35-04:00,----,531657,A000058299,TRKNONE,1,null,null,null,null,null,null,null,null,null,null,2022-10-31T15:14:35-04:00,2021-04-08T01:34:39-04:00,null,null,SLDOWNLOAD_0,SLDOWNLOAD_0,SUPP531657,ILES FORMULA,SUP,2618 E DRAGOON AVE,null,null,MESA,AZ,85204,null,2022-11-07
supmst,UPDATE,2022-10-31T15:14:35-04:00,----,503185,A000058308,TRKNONE,1,null,null,null,null,null,null,null,null,null,null,2022-10-31T15:14:35-04:00,2021-04-08T01:32:02-04:00,null,null,SLDOWNLOAD_0,SLDOWNLOAD_0,SUPP503185,JAPONESQUE PROFESSIONAL,SUP,JAPONESQUE,null,null,SAN RAMON,CA,94583,null,2022-11-07
supmst,UPDATE,2022-10-31T15:14:35-04:00,----,503193,A000058312,TRKNONE,1,null,null,null,null,null,null,null,null,null,null,2022-10-31T15:14:35-04:00,2019-05-13T02:19:34-04:00,null,null,SLDOWNLOAD_0,SLDOWNLOAD_0,SUPP503193,BUENO OF CALIFORNIA,SUP,BUENO OF CALIFORNIA,null,null,SANTA FE SPRINGS,CA,90670,null,2022-11-07
supmst,UPDATE,2022-10-31T15:14:35-04:00,----,531749,A000058318,TRKNONE,1,null,null,null,null,null,null,null,null,null,null,2022-10-31T15:14:35-04:00,2021-04-08T01:34:40-04:00,null,null,SLDOWNLOAD_0,SLDOWNLOAD_0,SUPP531749,OUAI FZE,SUP,DUBAI AIRPORT FREEZONE (DAFZA),null,null,DUBAI,77,null,null,2022-11-07
supmst,UPDATE,2022-10-31T15:14:35-04:00,----,504332,A000058327,TRKNONE,1,null,null,null,null,null,null,null,null,null,null,2022-10-31T15:14:35-04:00,2021-04-08T01:32:04-04:00,null,null,SLDOWNLOAD_0,SLDOWNLOAD_0,SUPP504332,BOURJOIS,SUP,120 FIFTH AVENUE,null,null,NEW YORK,NY,10011,null,2022-11-07
supmst,UPDATE,2022-10-31T15:14:35-04:00,----,531921,A000058345,TRKNONE,1,null,null,null,null,null,null,null,null,null,null,2022-10-31T15:14:35-04:00,2021-04-08T01:34:43-04:00,null,null,SLDOWNLOAD_0,SLDOWNLOAD_0,SUPP531921,L C DESIGN LLC,SUP,137 MONTAGUE ST #163,null,null,BROOKLYN,NY,11201,null,2022-11-07
supmst,UPDATE,2022-10-31T15:14:35-04:00,----,532440,A000058416,TRKNONE,1,null,null,null,null,null,null,null,null,null,null,2022-10-31T15:14:35-04:00,2021-04-08T01:34:51-04:00,null,null,SLDOWNLOAD_0,SLDOWNLOAD_0,SUPP532440,NATASHA DENONA MAKEUP LLC,SUP,39 E 30TH STREET,null,null,NEW YORK,NY,10016,null,2022-11-07
supmst,UPDATE,2022-10-31T15:14:35-04:00,----,509208,A000058419,TRKNONE,1,null,null,null,null,null,null,null,null,null,null,2022-10-31T15:14:35-04:00,2021-04-08T01:32:19-04:00,null,null,SLDOWNLOAD_0,SLDOWNLOAD_0,SUPP509208,BLINC INC.,SUP,"BLINC, INC.",null,null,BOCA RATON,FL,33487,null,2022-11-07
supmst,UPDATE,2022-10-31T15:14:35-04:00,----,511295,A000058467,TRKNONE,1,null,null,null,null,null,null,null,null,null,null,2022-10-31T15:14:35-04:00,2021-04-08T01:32:26-04:00,null,null,SLDOWNLOAD_0,SLDOWNLOAD_0,SUPP511295,ANASTASIA BEVERLY HILLS,SUP,ANASTASIA BEVERLY HILLS INC,null,null,BEVERLY HILLS,CA,90210,null,2022-11-07
supmst,UPDATE,2022-10-31T15:14:35-04:00,----,511428,A000058470,TRKNONE,1,null,null,null,null,null,null,null,null,null,null,2022-10-31T15:14:35-04:00,2021-04-08T01:32:27-04:00,null,null,SLDOWNLOAD_0,SLDOWNLOAD_0,SUPP511428,DERMA DOCTOR,SUP,"DERMADOCTOR, INC.",null,null,KANSAS CITY,MO,64108,null,2022-11-07
supmst,UPDATE,2022-10-31T15:14:35-04:00,----,532879,A000058477,TRKNONE,1,null,null,null,null,null,null,null,null,null,null,2022-10-31T15:14:35-04:00,2021-04-08T01:34:58-04:00,null,null,SLDOWNLOAD_0,SLDOWNLOAD_0,SUPP532879,SEPHORA,SUP,4622 MERCEDES DRIVE,null,null,BELCAMP,MD,21017,null,2022-11-07
supmst,UPDATE,2022-10-31T15:14:35-04:00,----,511972,A000058480,TRKNONE,1,null,null,null,null,null,null,null,null,null,null,2022-10-31T15:14:35-04:00,2021-04-08T01:32:29-04:00,null,null,SLDOWNLOAD_0,SLDOWNLOAD_0,SUPP511972,L'OREAL CANADA,SUP,1500 UNIVERSITY STREET,null,null,"MONTREAL, QUEBEC",04,H4L 4X1,null,2022-11-07
supmst,UPDATE,2022-10-31T15:14:35-04:00,----,516294,A000058546,TRKNONE,1,null,null,null,null,null,null,null,null,null,null,2022-10-31T15:14:35-04:00,2021-04-08T01:32:44-04:00,null,null,SLDOWNLOAD_0,SLDOWNLOAD_0,SUPP516294,"GRAPHIC TECH, LLC",SUP,DIANY RAMOS - ACCOUNTING,null,null,FULLERTON,CA,92831,null,2022-11-07
supmst,UPDATE,2022-10-31T15:14:35-04:00,----,516880,A000058554,TRKNONE,1,null,null,null,null,null,null,null,null,null,null,2022-10-31T15:14:35-04:00,2021-04-08T01:32:48-04:00,null,null,SLDOWNLOAD_0,SLDOWNLOAD_0,SUPP516880,SHISEIDO CANADA INC,SUP,SHISEIDO CANADA INCORPORATED,null,null,"MARKHAM, ONTARIO",04,L3R 5P9,null,2022-11-07
supmst,UPDATE,2022-10-31T15:14:35-04:00,----,524538,A000058638,TRKNONE,1,null,null,null,null,null,null,null,null,null,null,2022-10-31T15:14:35-04:00,2019-03-27T01:26:17-04:00,null,null,SLDOWNLOAD_0,SLDOWNLOAD_0,SUPP524538,HOTLOOKS LTD,SUP,28 BUCI CRESCENT,null,null,"SHOREHAM-BY-SEA,WEST SUSSEX",19,BN43 6LB,null,2022-11-07
supmst,UPDATE,2022-10-31T15:14:35-04:00,----,524595,A000058641,TRKNONE,1,null,null,null,null,null,null,null,null,null,null,2022-10-31T15:14:35-04:00,2019-03-27T01:26:17-04:00,null,null,SLDOWNLOAD_0,SLDOWNLOAD_0,SUPP524595,THE TONYTAIL COMPANY INC.,SUP,12919 ALCOSTA BLVD. #4,null,null,SAN RAMON,CA,94583,null,2022-11-07
supmst,UPDATE,2022-10-31T15:14:35-04:00,----,524660,A000058644,TRKNONE,1,null,null,null,null,null,null,null,null,null,null,2022-10-31T15:14:35-04:00,2019-03-27T01:26:17-04:00,null,null,SLDOWNLOAD_0,SLDOWNLOAD_0,SUPP524660,TANNIS ROOT PRODUCTIONS,SUP,731 WEST HARGETT ST,null,null,RALEIGH,NC,27603,null,2022-11-07
supmst,UPDATE,2022-10-31T15:14:35-04:00,----,524868,A000058647,TRKNONE,1,null,null,null,null,null,null,null,null,null,null,2022-10-31T15:14:35-04:00,2021-04-08T01:33:24-04:00,null,null,SLDOWNLOAD_0,SLDOWNLOAD_0,SUPP524868,CLEAN START DERMALOGICA,SUP,720 KING STREET WEST,null,null,TORONTO,04,M5V 2T3,null,2022-11-07
supmst,UPDATE,2022-10-31T15:14:35-04:00,----,525048,A000058653,TRKNONE,1,null,null,null,null,null,null,null,null,null,null,2022-10-31T15:14:35-04:00,2021-04-08T01:33:25-04:00,null,null,SLDOWNLOAD_0,SLDOWNLOAD_0,SUPP525048,KENDO-ANISA INT,SUP,525 MARKET ST,null,null,SAN FRANCISCO,CA,94105,null,2022-11-07
supmst,UPDATE,2022-10-31T15:14:35-04:00,----,527275,A000058792,TRKNONE,1,null,null,null,null,null,null,null,null,null,null,2022-10-31T15:14:35-04:00,2021-04-08T01:33:46-04:00,null,null,SLDOWNLOAD_0,SLDOWNLOAD_0,SUPP527275,KENDO-KAT VON D,SUP,525 MARKET ST,null,null,SAN FRANCISCO,CA,94105,null,2022-11-07
supmst,UPDATE,2022-10-31T15:14:35-04:00,----,533737,A000087106,TRKNONE,1,null,null,null,null,null,null,null,null,null,null,2022-10-31T15:14:35-04:00,2021-04-08T01:31:52-04:00,null,null,SLDOWNLOAD_0,SLDOWNLOAD_0,SUPP533737,COLOURPOP COSMETICS LLC,SUP,1400 STELLAR DRIVE,null,null,OXNARD,CA,93033,null,2022-11-07
supmst,UPDATE,2022-10-31T15:14:35-04:00,----,534743,A017491024,TRKNONE,1,null,null,null,null,null,null,null,null,null,null,2022-10-31T15:14:35-04:00,2021-04-08T01:32:19-04:00,null,null,SLDOWNLOAD_0,SLDOWNLOAD_0,SUPP534743,"GOOD DYE YOUNG, INC.",SUP,829 GALE LANE,null,null,NASHVILLE,TN,37204,null,2022-11-07
supmst,UPDATE,2022-10-31T15:14:35-04:00,----,535070,A023513937,TRKNONE,1,null,null,null,null,null,null,null,null,null,null,2022-10-31T15:14:35-04:00,2021-04-08T01:32:29-04:00,null,null,SLDOWNLOAD_0,SLDOWNLOAD_0,SUPP535070,OLLY PUBLIC BENEFIT CORP,SUP,1169 GORGAS AVENUE,null,null,SAN FRANCISCO,CA,94129,null,2022-11-07
supmst,UPDATE,2022-10-31T15:14:35-04:00,----,533596,A000059135,TRKNONE,1,null,null,null,null,null,null,null,null,null,null,2022-10-31T15:14:35-04:00,2021-04-08T01:31:48-04:00,null,null,SLDOWNLOAD_0,SLDOWNLOAD_0,SUPP533596,PERFUMES ETC - COTY HFC,SUP,6880 COLUMBUS  ROAD,null,null,"MISSISSAUGA,ONTARIO",04,L5T 2G1,null,2022-11-07
supmst,UPDATE,2022-10-31T15:14:35-04:00,----,533885,A002804197,TRKNONE,1,null,null,null,null,null,null,null,null,null,null,2022-10-31T15:14:35-04:00,2021-04-08T01:31:55-04:00,null,null,SLDOWNLOAD_0,SLDOWNLOAD_0,SUPP533885,SLIP SILK PILLOWCASE LLC,SUP,SLIP SILK PILLOWCASE LLC,null,null,NEW YORK,NY,10017,null,2022-11-07
supmst,UPDATE,2022-10-31T15:14:35-04:00,----,534107,A009282220,TRKNONE,1,null,null,null,null,null,null,null,null,null,null,2022-10-31T15:14:35-04:00,2021-04-08T01:32:00-04:00,null,null,SLDOWNLOAD_0,SLDOWNLOAD_0,SUPP534107,BY KILIAN CA.,SUP,PO BOX 9537 STATION A,null,null,ONTARIO,04,M5W 2K3,null,2022-11-07
supmst,UPDATE,2022-10-31T15:14:35-04:00,----,534255,A011271012,TRKNONE,1,null,null,null,null,null,null,null,null,null,null,2022-10-31T15:14:35-04:00,2021-04-08T01:32:05-04:00,null,null,SLDOWNLOAD_0,SLDOWNLOAD_0,SUPP534255,BDC CANADA,SUP,8590 AIRPORT ROAD,null,null,"BRAMPTON,ONTARIO",04,L6T 5A3,null,2022-11-07
supmst,UPDATE,2022-10-31T15:14:35-04:00,----,500686,A000058215,TRKNONE,1,null,null,null,null,null,null,null,null,null,null,2022-10-31T15:14:35-04:00,2021-04-08T01:31:47-04:00,null,null,SLDOWNLOAD_0,SLDOWNLOAD_0,SUPP500686,SEPHORA S.A.,SUP,65 AVENUE EDOUARD VAILLANT,null,null,BOULOGNE BILLANCOURT,00,92100,null,2022-11-07
supmst,UPDATE,2022-10-31T10:11:31-04:00,----,518324,A000058174,TRKNONE,1,null,null,null,null,null,null,null,null,null,null,2022-10-31T10:11:31-04:00,2021-04-08T01:32:51-04:00,null,null,SLDOWNLOAD_0,SLDOWNLOAD_0,SUPP518324,ACQUA DI PARMA,SUP,ACQUA DI PARMA,null,null,NEW YORK,NY,10087,null,2022-11-07
supmst,UPDATE,2022-10-31T10:11:31-04:00,----,532077,A000058177,TRKNONE,1,null,null,null,null,null,null,null,null,null,null,2022-10-31T10:11:31-04:00,2021-04-08T01:34:45-04:00,null,null,SLDOWNLOAD_0,SLDOWNLOAD_0,SUPP532077,SOKO GLAM,SUP,79 MADISON AVENUE,null,null,NEW YORK,NY,10016,null,2022-11-07
supmst,UPDATE,2022-10-31T10:11:31-04:00,----,500033,A000058181,TRKNONE,1,null,null,null,null,null,null,null,null,null,null,2022-10-31T10:11:31-04:00,2021-04-08T01:31:43-04:00,null,null,SLDOWNLOAD_0,SLDOWNLOAD_0,SUPP500033,YSL,SUP,DESIGNER FRAGRANCES,null,null,CHARLOTTE,NC,28275,null,2022-11-07
supmst,UPDATE,2022-10-31T10:11:31-04:00,----,500140,A000058182,TRKNONE,1,null,null,null,null,null,null,null,null,null,null,2022-10-31T10:11:31-04:00,2021-04-08T01:31:43-04:00,null,null,SLDOWNLOAD_0,SLDOWNLOAD_0,SUPP500140,PUIG USA,SUP,PUIG USA INC.,null,null,ATLANTA,GA,31192,null,2022-11-07
supmst,UPDATE,2022-10-31T10:11:31-04:00,----,500777,A000058219,TRKNONE,1,null,null,null,null,null,null,null,null,null,null,2022-10-31T10:11:31-04:00,2021-04-08T01:31:48-04:00,null,null,SLDOWNLOAD_0,SLDOWNLOAD_0,SUPP500777,PETER THOMAS ROTH,SUP,630 FIFTH AVUNUE,null,null,NEW YORK,NY,10111,null,2022-11-07
supmst,UPDATE,2022-10-31T10:11:31-04:00,----,531434,A000058254,TRKNONE,1,null,null,null,null,null,null,null,null,null,null,2022-10-31T10:11:31-04:00,2021-04-08T01:34:36-04:00,null,null,SLDOWNLOAD_0,SLDOWNLOAD_0,SUPP531434,TANDA BEAUTY CANADA,SUP,"380 JAMIESON PARKWAY, UNIT 11",null,null,"CAMBRIDGE, ONTARIO",04,N3C 4N4,null,2022-11-07
supmst,UPDATE,2022-10-31T10:11:31-04:00,----,531459,A000058258,TRKNONE,1,null,null,null,null,null,null,null,null,null,null,2022-10-31T10:11:31-04:00,2021-04-08T01:34:36-04:00,null,null,SLDOWNLOAD_0,SLDOWNLOAD_0,SUPP531459,CAROL COLE COMPANY,SUP,1325 SYCAMORE AVE STE A,null,null,VISTA,CA,92081,null,2022-11-07
supmst,UPDATE,2022-10-31T10:11:31-04:00,----,502484,A000058278,TRKNONE,1,null,null,null,null,null,null,null,null,null,null,2022-10-31T10:11:31-04:00,2021-04-08T01:31:58-04:00,null,null,SLDOWNLOAD_0,SLDOWNLOAD_0,SUPP502484,MURAD LLC,SUP,2121 PARK PLACE,null,null,EL SEGUNDO,CA,90245,null,2022-11-07
supmst,UPDATE,2022-10-31T10:11:31-04:00,----,502633,A000058282,TRKNONE,1,null,null,null,null,null,null,null,null,null,null,2022-10-31T10:11:31-04:00,2021-04-08T01:31:59-04:00,null,null,SLDOWNLOAD_0,SLDOWNLOAD_0,SUPP502633,"CAUDALIE USA, INC",SUP,P.O. BOX 26867,null,null,NEW YORK,NY,10087,null,2022-11-07
supmst,UPDATE,2022-10-31T10:11:31-04:00,----,502906,A000058295,TRKNONE,1,null,null,null,null,null,null,null,null,null,null,2022-10-31T10:11:31-04:00,2019-03-27T01:26:02-04:00,null,null,SLDOWNLOAD_0,SLDOWNLOAD_0,SUPP502906,CROSBY & CO,SUP,"BRUSH OFF, INC.",null,null,S. DENNIS,MA,02660,null,2022-11-07
supmst,UPDATE,2022-10-31T10:11:31-04:00,----,531657,A000058299,TRKNONE,1,null,null,null,null,null,null,null,null,null,null,2022-10-31T10:11:31-04:00,2021-04-08T01:34:39-04:00,null,null,SLDOWNLOAD_0,SLDOWNLOAD_0,SUPP531657,ILES FORMULA,SUP,2618 E DRAGOON AVE,null,null,MESA,AZ,85204,null,2022-11-07
supmst,UPDATE,2022-10-31T10:11:31-04:00,----,503185,A000058308,TRKNONE,1,null,null,null,null,null,null,null,null,null,null,2022-10-31T10:11:31-04:00,2021-04-08T01:32:02-04:00,null,null,SLDOWNLOAD_0,SLDOWNLOAD_0,SUPP503185,JAPONESQUE PROFESSIONAL,SUP,JAPONESQUE,null,null,SAN RAMON,CA,94583,null,2022-11-07
supmst,UPDATE,2022-10-31T10:11:31-04:00,----,503193,A000058312,TRKNONE,1,null,null,null,null,null,null,null,null,null,null,2022-10-31T10:11:31-04:00,2019-05-13T02:19:34-04:00,null,null,SLDOWNLOAD_0,SLDOWNLOAD_0,SUPP503193,BUENO OF CALIFORNIA,SUP,BUENO OF CALIFORNIA,null,null,SANTA FE SPRINGS,CA,90670,null,2022-11-07
supmst,UPDATE,2022-10-31T10:11:31-04:00,----,531749,A000058318,TRKNONE,1,null,null,null,null,null,null,null,null,null,null,2022-10-31T10:11:31-04:00,2021-04-08T01:34:40-04:00,null,null,SLDOWNLOAD_0,SLDOWNLOAD_0,SUPP531749,OUAI FZE,SUP,DUBAI AIRPORT FREEZONE (DAFZA),null,null,DUBAI,77,null,null,2022-11-07
supmst,UPDATE,2022-10-31T10:11:31-04:00,----,504332,A000058327,TRKNONE,1,null,null,null,null,null,null,null,null,null,null,2022-10-31T10:11:31-04:00,2021-04-08T01:32:04-04:00,null,null,SLDOWNLOAD_0,SLDOWNLOAD_0,SUPP504332,BOURJOIS,SUP,120 FIFTH AVENUE,null,null,NEW YORK,NY,10011,null,2022-11-07
supmst,UPDATE,2022-10-31T10:11:31-04:00,----,531921,A000058345,TRKNONE,1,null,null,null,null,null,null,null,null,null,null,2022-10-31T10:11:31-04:00,2021-04-08T01:34:43-04:00,null,null,SLDOWNLOAD_0,SLDOWNLOAD_0,SUPP531921,L C DESIGN LLC,SUP,137 MONTAGUE ST #163,null,null,BROOKLYN,NY,11201,null,2022-11-07
supmst,UPDATE,2022-10-31T10:11:31-04:00,----,532440,A000058416,TRKNONE,1,null,null,null,null,null,null,null,null,null,null,2022-10-31T10:11:31-04:00,2021-04-08T01:34:51-04:00,null,null,SLDOWNLOAD_0,SLDOWNLOAD_0,SUPP532440,NATASHA DENONA MAKEUP LLC,SUP,39 E 30TH STREET,null,null,NEW YORK,NY,10016,null,2022-11-07
supmst,UPDATE,2022-10-31T10:11:31-04:00,----,509208,A000058419,TRKNONE,1,null,null,null,null,null,null,null,null,null,null,2022-10-31T10:11:31-04:00,2021-04-08T01:32:19-04:00,null,null,SLDOWNLOAD_0,SLDOWNLOAD_0,SUPP509208,BLINC INC.,SUP,"BLINC, INC.",null,null,BOCA RATON,FL,33487,null,2022-11-07
supmst,UPDATE,2022-10-31T10:11:31-04:00,----,511295,A000058467,TRKNONE,1,null,null,null,null,null,null,null,null,null,null,2022-10-31T10:11:31-04:00,2021-04-08T01:32:26-04:00,null,null,SLDOWNLOAD_0,SLDOWNLOAD_0,SUPP511295,ANASTASIA BEVERLY HILLS,SUP,ANASTASIA BEVERLY HILLS INC,null,null,BEVERLY HILLS,CA,90210,null,2022-11-07
supmst,UPDATE,2022-10-31T10:11:31-04:00,----,511428,A000058470,TRKNONE,1,null,null,null,null,null,null,null,null,null,null,2022-10-31T10:11:31-04:00,2021-04-08T01:32:27-04:00,null,null,SLDOWNLOAD_0,SLDOWNLOAD_0,SUPP511428,DERMA DOCTOR,SUP,"DERMADOCTOR, INC.",null,null,KANSAS CITY,MO,64108,null,2022-11-07
supmst,UPDATE,2022-10-31T10:11:31-04:00,----,532879,A000058477,TRKNONE,1,null,null,null,null,null,null,null,null,null,null,2022-10-31T10:11:31-04:00,2021-04-08T01:34:58-04:00,null,null,SLDOWNLOAD_0,SLDOWNLOAD_0,SUPP532879,SEPHORA,SUP,4622 MERCEDES DRIVE,null,null,BELCAMP,MD,21017,null,2022-11-07
supmst,UPDATE,2022-10-31T10:11:31-04:00,----,511972,A000058480,TRKNONE,1,null,null,null,null,null,null,null,null,null,null,2022-10-31T10:11:31-04:00,2021-04-08T01:32:29-04:00,null,null,SLDOWNLOAD_0,SLDOWNLOAD_0,SUPP511972,L'OREAL CANADA,SUP,1500 UNIVERSITY STREET,null,null,"MONTREAL, QUEBEC",04,H4L 4X1,null,2022-11-07
supmst,UPDATE,2022-10-31T10:11:31-04:00,----,516294,A000058546,TRKNONE,1,null,null,null,null,null,null,null,null,null,null,2022-10-31T10:11:31-04:00,2021-04-08T01:32:44-04:00,null,null,SLDOWNLOAD_0,SLDOWNLOAD_0,SUPP516294,"GRAPHIC TECH, LLC",SUP,DIANY RAMOS - ACCOUNTING,null,null,FULLERTON,CA,92831,null,2022-11-07
supmst,UPDATE,2022-10-31T10:11:31-04:00,----,516880,A000058554,TRKNONE,1,null,null,null,null,null,null,null,null,null,null,2022-10-31T10:11:31-04:00,2021-04-08T01:32:48-04:00,null,null,SLDOWNLOAD_0,SLDOWNLOAD_0,SUPP516880,SHISEIDO CANADA INC,SUP,SHISEIDO CANADA INCORPORATED,null,null,"MARKHAM, ONTARIO",04,L3R 5P9,null,2022-11-07
supmst,UPDATE,2022-10-31T10:11:31-04:00,----,516914,A000058557,TRKNONE,1,null,null,null,null,null,null,null,null,null,null,2022-10-31T10:11:31-04:00,2021-04-08T01:32:48-04:00,null,null,SLDOWNLOAD_0,SLDOWNLOAD_0,SUPP516914,CLARINS COLOR CANADA,SUP,CLARINS CANADA INC.,null,null,"LAVAL, QUEBEC",04,H7W 5N4,null,2022-11-07
supmst,UPDATE,2022-10-31T10:11:31-04:00,----,522680,A000058587,TRKNONE,1,null,null,null,null,null,null,null,null,null,null,2022-10-31T10:11:31-04:00,2019-03-27T01:26:13-04:00,null,null,SLDOWNLOAD_0,SLDOWNLOAD_0,SUPP522680,FERRAGAMO/SH KRIKORIAN,SUP,SH KRIKORIAN & CO LTD,null,null,"MARKHAM, ONTARIO",04,L3R 5L9,null,2022-11-07
supmst,UPDATE,2022-10-31T10:11:31-04:00,----,522839,A000058590,TRKNONE,1,null,null,null,null,null,null,null,null,null,null,2022-10-31T10:11:31-04:00,2021-04-08T01:33:06-04:00,null,null,SLDOWNLOAD_0,SLDOWNLOAD_0,SUPP522839,JOSIE MARAN COSMETICS LLC,SUP,"JOSIE MARAN COSMETICS, LLC",null,null,LOS ANGELES,CA,90038,null,2022-11-07
supmst,UPDATE,2022-10-31T10:11:31-04:00,----,523092,A000058593,TRKNONE,1,null,null,null,null,null,null,null,null,null,null,2022-10-31T10:11:31-04:00,2021-04-08T01:33:08-04:00,null,null,SLDOWNLOAD_0,SLDOWNLOAD_0,SUPP523092,COSMETICA INTERNATIONAL,SUP,1267A ST CLAIR AVE WEST,null,null,"TORONTO, ONTARIO",04,M6E 1B8,null,2022-11-07
supmst,UPDATE,2022-10-31T10:11:31-04:00,----,523217,A000058596,TRKNONE,1,null,null,null,null,null,null,null,null,null,null,2022-10-31T10:11:31-04:00,2021-04-08T01:33:09-04:00,null,null,SLDOWNLOAD_0,SLDOWNLOAD_0,SUPP523217,BARE ESCENTUALS CANADA,SUP,SHISEIDO INC,null,null,"MARKHAM,ONTARIO",04,L3R 5P9,null,2022-11-07
supmst,UPDATE,2022-10-31T10:11:31-04:00,----,523365,A000058599,TRKNONE,1,null,null,null,null,null,null,null,null,null,null,2022-10-31T10:11:31-04:00,2019-03-27T01:26:14-04:00,null,null,SLDOWNLOAD_0,SLDOWNLOAD_0,SUPP523365,LESCOJA CORPORATION,SUP,4122 W BUTTERFLY MOUNTAIN DR,null,null,MARANA,AZ,85658,null,2022-11-07
supmst,UPDATE,2022-10-31T10:11:31-04:00,----,523407,A000058601,TRKNONE,1,null,null,null,null,null,null,null,null,null,null,2022-10-31T10:11:31-04:00,2021-04-08T01:33:10-04:00,null,null,SLDOWNLOAD_0,SLDOWNLOAD_0,SUPP523407,"LIVING PROOF, INC.",SUP,63 ROGERS ST.,null,null,CAMBRIDGE,MA,02142,null,2022-11-07
supmst,UPDATE,2022-10-31T10:11:31-04:00,----,523472,A000058603,TRKNONE,1,null,null,null,null,null,null,null,null,null,null,2022-10-31T10:11:31-04:00,2019-03-27T01:26:14-04:00,null,null,SLDOWNLOAD_0,SLDOWNLOAD_0,SUPP523472,OK WORKS,SUP,1426 WEST 21ST ST,null,null,CHICAGO,IL,60608,null,2022-11-07
supmst,UPDATE,2022-10-31T10:11:31-04:00,----,525154,A000058663,TRKNONE,1,null,null,null,null,null,null,null,null,null,null,2022-10-31T10:11:31-04:00,2021-04-08T01:33:26-04:00,null,null,SLDOWNLOAD_0,SLDOWNLOAD_0,SUPP525154,KENDO-THE COLOR FACTORY,SUP,525 MARKET ST,null,null,SAN FRANCISCO,CA,94105,null,2022-11-07
supmst,UPDATE,2022-10-31T10:11:31-04:00,----,525212,A000058669,TRKNONE,1,null,null,null,null,null,null,null,null,null,null,2022-10-31T10:11:31-04:00,2019-03-27T01:26:20-04:00,null,null,SLDOWNLOAD_0,SLDOWNLOAD_0,SUPP525212,KENDO-CTI PACKAGING,SUP,525 MARKET ST,null,null,SAN FRANCISCO,CA,94105,null,2022-11-07
supmst,UPDATE,2022-10-31T10:11:31-04:00,----,525410,A000058678,TRKNONE,1,null,null,null,null,null,null,null,null,null,null,2022-10-31T10:11:31-04:00,2021-04-08T01:33:28-04:00,null,null,SLDOWNLOAD_0,SLDOWNLOAD_0,SUPP525410,ADVANCED HOME ACTIVES,SUP,1819 GOODWIN STREET,null,null,JACKSONVILLE,FL,32204,null,2022-11-07
supmst,UPDATE,2022-10-31T10:11:31-04:00,----,526384,A000058735,TRKNONE,1,null,null,null,null,null,null,null,null,null,null,2022-10-31T10:11:31-04:00,2021-04-08T01:33:37-04:00,null,null,SLDOWNLOAD_0,SLDOWNLOAD_0,SUPP526384,CHO CHUANG INDUSTRIAL CO,SUP,525 MARKET ST,null,null,SAN FRANCISCO,CA,94105,null,2022-11-07
supmst,UPDATE,2022-10-31T15:14:35-04:00,----,516914,A000058557,TRKNONE,1,null,null,null,null,null,null,null,null,null,null,2022-10-31T15:14:35-04:00,2021-04-08T01:32:48-04:00,null,null,SLDOWNLOAD_0,SLDOWNLOAD_0,SUPP516914,CLARINS COLOR CANADA,SUP,CLARINS CANADA INC.,null,null,"LAVAL, QUEBEC",04,H7W 5N4,null,2022-11-07
supmst,UPDATE,2022-10-31T15:14:35-04:00,----,522680,A000058587,TRKNONE,1,null,null,null,null,null,null,null,null,null,null,2022-10-31T15:14:35-04:00,2019-03-27T01:26:13-04:00,null,null,SLDOWNLOAD_0,SLDOWNLOAD_0,SUPP522680,FERRAGAMO/SH KRIKORIAN,SUP,SH KRIKORIAN & CO LTD,null,null,"MARKHAM, ONTARIO",04,L3R 5L9,null,2022-11-07
supmst,UPDATE,2022-10-31T15:14:35-04:00,----,522839,A000058590,TRKNONE,1,null,null,null,null,null,null,null,null,null,null,2022-10-31T15:14:35-04:00,2021-04-08T01:33:06-04:00,null,null,SLDOWNLOAD_0,SLDOWNLOAD_0,SUPP522839,JOSIE MARAN COSMETICS LLC,SUP,"JOSIE MARAN COSMETICS, LLC",null,null,LOS ANGELES,CA,90038,null,2022-11-07
supmst,UPDATE,2022-10-31T15:14:35-04:00,----,523092,A000058593,TRKNONE,1,null,null,null,null,null,null,null,null,null,null,2022-10-31T15:14:35-04:00,2021-04-08T01:33:08-04:00,null,null,SLDOWNLOAD_0,SLDOWNLOAD_0,SUPP523092,COSMETICA INTERNATIONAL,SUP,1267A ST CLAIR AVE WEST,null,null,"TORONTO, ONTARIO",04,M6E 1B8,null,2022-11-07
supmst,UPDATE,2022-10-31T15:14:35-04:00,----,523217,A000058596,TRKNONE,1,null,null,null,null,null,null,null,null,null,null,2022-10-31T15:14:35-04:00,2021-04-08T01:33:09-04:00,null,null,SLDOWNLOAD_0,SLDOWNLOAD_0,SUPP523217,BARE ESCENTUALS CANADA,SUP,SHISEIDO INC,null,null,"MARKHAM,ONTARIO",04,L3R 5P9,null,2022-11-07
supmst,UPDATE,2022-10-31T15:14:35-04:00,----,523365,A000058599,TRKNONE,1,null,null,null,null,null,null,null,null,null,null,2022-10-31T15:14:35-04:00,2019-03-27T01:26:14-04:00,null,null,SLDOWNLOAD_0,SLDOWNLOAD_0,SUPP523365,LESCOJA CORPORATION,SUP,4122 W BUTTERFLY MOUNTAIN DR,null,null,MARANA,AZ,85658,null,2022-11-07
supmst,UPDATE,2022-10-31T15:14:35-04:00,----,523407,A000058601,TRKNONE,1,null,null,null,null,null,null,null,null,null,null,2022-10-31T15:14:35-04:00,2021-04-08T01:33:10-04:00,null,null,SLDOWNLOAD_0,SLDOWNLOAD_0,SUPP523407,"LIVING PROOF, INC.",SUP,63 ROGERS ST.,null,null,CAMBRIDGE,MA,02142,null,2022-11-07
supmst,UPDATE,2022-10-31T15:14:35-04:00,----,523472,A000058603,TRKNONE,1,null,null,null,null,null,null,null,null,null,null,2022-10-31T15:14:35-04:00,2019-03-27T01:26:14-04:00,null,null,SLDOWNLOAD_0,SLDOWNLOAD_0,SUPP523472,OK WORKS,SUP,1426 WEST 21ST ST,null,null,CHICAGO,IL,60608,null,2022-11-07
supmst,UPDATE,2022-10-31T15:14:35-04:00,----,523555,A000058606,TRKNONE,1,null,null,null,null,null,null,null,null,null,null,2022-10-31T15:14:35-04:00,2019-03-27T01:26:14-04:00,null,null,SLDOWNLOAD_0,SLDOWNLOAD_0,SUPP523555,SCHIFTER + PARTNERS LLC,SUP,SCHIFTER + PARTNERS LLC,null,null,NEW YORK,NY,10010,null,2022-11-07
supmst,UPDATE,2022-10-31T15:14:35-04:00,----,523605,A000058609,TRKNONE,1,null,null,null,null,null,null,null,null,null,null,2022-10-31T15:14:35-04:00,2019-03-27T01:26:14-04:00,null,null,SLDOWNLOAD_0,SLDOWNLOAD_0,SUPP523605,ONDEMAND COLOR GROUP,SUP,CHRISTOPHER GRAVAGNA,null,null,LONG ISLAND CITY,NY,11101,null,2022-11-07
supmst,UPDATE,2022-10-31T15:14:35-04:00,----,523860,A000058616,TRKNONE,1,null,null,null,null,null,null,null,null,null,null,2022-10-31T15:14:35-04:00,2019-03-27T01:26:15-04:00,null,null,SLDOWNLOAD_0,SLDOWNLOAD_0,SUPP523860,LF BEAUTY,SUP,"2/F, HK SPINNERS INDUSTRIAL",null,null,KOWLOON,HK,null,null,2022-11-07
supmst,UPDATE,2022-10-31T15:14:35-04:00,----,524009,A000058619,TRKNONE,1,null,null,null,null,null,null,null,null,null,null,2022-10-31T15:14:35-04:00,2019-03-27T01:26:15-04:00,null,null,SLDOWNLOAD_0,SLDOWNLOAD_0,SUPP524009,"CLICKR, LLC",SUP,"CLICKR, LLC",null,null,NEWARK,NJ,07101,null,2022-11-07
supmst,UPDATE,2022-10-31T15:14:35-04:00,----,524074,A000058622,TRKNONE,1,null,null,null,null,null,null,null,null,null,null,2022-10-31T15:14:35-04:00,2021-04-08T01:33:15-04:00,null,null,SLDOWNLOAD_0,SLDOWNLOAD_0,SUPP524074,REPRESENTACIONES MORALES,SUP,CALLE CAMPECHE EDIFICIO 14,null,null,CAROLINA,PR,00979,null,2022-11-07
supmst,UPDATE,2022-10-31T15:14:35-04:00,----,524173,A000058629,TRKNONE,1,null,null,null,null,null,null,null,null,null,null,2022-10-31T15:14:35-04:00,2021-04-08T01:33:18-04:00,null,null,SLDOWNLOAD_0,SLDOWNLOAD_0,SUPP524173,ILLAMASQUA LTD,SUP,C/O PROPAGANDA CALLS WHARF,null,null,"LEED, WEST YORKSHIRE",19,LS2 7JU,null,2022-11-07
supmst,UPDATE,2022-10-31T15:14:35-04:00,----,524272,A000058632,TRKNONE,1,null,null,null,null,null,null,null,null,null,null,2022-10-31T15:14:35-04:00,2021-04-08T01:33:19-04:00,null,null,SLDOWNLOAD_0,SLDOWNLOAD_0,SUPP524272,"HOME SKINOVATIONS, INC.",SUP,"200 WEST BEAVER CREEK ROAD,",null,null,"RICHMOND HILL, ONTARIO",04,L4B 1B4,null,2022-11-07
supmst,UPDATE,2022-10-31T15:14:35-04:00,----,524439,A000058635,TRKNONE,1,null,null,null,null,null,null,null,null,null,null,2022-10-31T15:14:35-04:00,2021-04-08T01:33:20-04:00,null,null,SLDOWNLOAD_0,SLDOWNLOAD_0,SUPP524439,FIRST AID BEAUTY LTD,SUP,10 GRAY CLIFF ROAD NEWTON,null,null,NEWTON,MA,02459,null,2022-11-07
supmst,UPDATE,2022-10-31T15:14:35-04:00,----,525121,A000058660,TRKNONE,1,null,null,null,null,null,null,null,null,null,null,2022-10-31T15:14:35-04:00,2021-04-08T01:33:26-04:00,null,null,SLDOWNLOAD_0,SLDOWNLOAD_0,SUPP525121,KENDO-LUFT INDUSTRIE LLC,SUP,525 MARKET ST,null,null,SAN FRANCISCO,CA,94105,null,2022-11-07
supmst,UPDATE,2022-10-31T15:14:35-04:00,----,525154,A000058663,TRKNONE,1,null,null,null,null,null,null,null,null,null,null,2022-10-31T15:14:35-04:00,2021-04-08T01:33:26-04:00,null,null,SLDOWNLOAD_0,SLDOWNLOAD_0,SUPP525154,KENDO-THE COLOR FACTORY,SUP,525 MARKET ST,null,null,SAN FRANCISCO,CA,94105,null,2022-11-07
supmst,UPDATE,2022-10-31T15:14:35-04:00,----,525188,A000058666,TRKNONE,1,null,null,null,null,null,null,null,null,null,null,2022-10-31T15:14:35-04:00,2021-04-08T01:33:27-04:00,null,null,SLDOWNLOAD_0,SLDOWNLOAD_0,SUPP525188,KENDO-JUICY COUTURE ACC,SUP,525 MARKET ST,null,null,SAN FRANCISCO,CA,94105,null,2022-11-07
supmst,UPDATE,2022-10-31T15:14:35-04:00,----,525212,A000058669,TRKNONE,1,null,null,null,null,null,null,null,null,null,null,2022-10-31T15:14:35-04:00,2019-03-27T01:26:20-04:00,null,null,SLDOWNLOAD_0,SLDOWNLOAD_0,SUPP525212,KENDO-CTI PACKAGING,SUP,525 MARKET ST,null,null,SAN FRANCISCO,CA,94105,null,2022-11-07
supmst,UPDATE,2022-10-31T15:14:35-04:00,----,525279,A000058675,TRKNONE,1,null,null,null,null,null,null,null,null,null,null,2022-10-31T15:14:35-04:00,2021-04-08T01:33:28-04:00,null,null,SLDOWNLOAD_0,SLDOWNLOAD_0,SUPP525279,KENDO-COSWEL KOREA,SUP,525 MARKET ST,null,null,SAN FRANCISCO,CA,94105,null,2022-11-07
supmst,UPDATE,2022-10-31T15:14:35-04:00,----,525410,A000058678,TRKNONE,1,null,null,null,null,null,null,null,null,null,null,2022-10-31T15:14:35-04:00,2021-04-08T01:33:28-04:00,null,null,SLDOWNLOAD_0,SLDOWNLOAD_0,SUPP525410,ADVANCED HOME ACTIVES,SUP,1819 GOODWIN STREET,null,null,JACKSONVILLE,FL,32204,null,2022-11-07
supmst,UPDATE,2022-10-31T15:14:35-04:00,----,525535,A000058685,TRKNONE,1,null,null,null,null,null,null,null,null,null,null,2022-10-31T15:14:35-04:00,2021-04-08T01:33:30-04:00,null,null,SLDOWNLOAD_0,SLDOWNLOAD_0,SUPP525535,KENDO-HWA SUNG COSMETICS,SUP,525 MARKET ST FL 32,null,null,SAN FRANCISCO,CA,94105,null,2022-11-07
supmst,UPDATE,2022-10-31T15:14:35-04:00,----,526301,A000058728,TRKNONE,1,null,null,null,null,null,null,null,null,null,null,2022-10-31T15:14:35-04:00,2019-03-27T01:26:25-04:00,null,null,SLDOWNLOAD_0,SLDOWNLOAD_0,SUPP526301,KENDO-KINDER CRYSTAL CRFT,SUP,525 MARTKET ST,null,null,SAN FRANCISCO,CA,94105,null,2022-11-07
supmst,UPDATE,2022-10-31T15:14:35-04:00,----,526384,A000058735,TRKNONE,1,null,null,null,null,null,null,null,null,null,null,2022-10-31T15:14:35-04:00,2021-04-08T01:33:37-04:00,null,null,SLDOWNLOAD_0,SLDOWNLOAD_0,SUPP526384,CHO CHUANG INDUSTRIAL CO,SUP,525 MARKET ST,null,null,SAN FRANCISCO,CA,94105,null,2022-11-07
supmst,UPDATE,2022-10-31T15:14:35-04:00,----,526459,A000058740,TRKNONE,1,null,null,null,null,null,null,null,null,null,null,2022-10-31T15:14:35-04:00,2021-04-08T01:33:38-04:00,null,null,SLDOWNLOAD_0,SLDOWNLOAD_0,SUPP526459,S.H. KRIKORIAN & CO. LTD,SUP,"1 VALLEYWOOD DRIVE, UNIT 4 & 5",null,null,"MARKHAM, ONTARIO",04,L3R 5L9,null,2022-11-07
supmst,UPDATE,2022-10-31T15:14:35-04:00,----,526608,A000058747,TRKNONE,1,null,null,null,null,null,null,null,null,null,null,2022-10-31T15:14:35-04:00,2021-04-08T01:33:39-04:00,null,null,SLDOWNLOAD_0,SLDOWNLOAD_0,SUPP526608,GIVE BACK BRANDS,SUP,1731 NW 66TH AVE,null,null,PLANTATION,FL,33313,null,2022-11-07
supmst,UPDATE,2022-10-31T15:14:35-04:00,----,526764,A000058757,TRKNONE,1,null,null,null,null,null,null,null,null,null,null,2022-10-31T15:14:35-04:00,2021-04-08T01:33:40-04:00,null,null,SLDOWNLOAD_0,SLDOWNLOAD_0,SUPP526764,KENDO-B.KOLOR,SUP,525 MARKET ST,null,null,SAN FRANCISCO,CA,94105,null,2022-11-07
supmst,UPDATE,2022-10-31T15:14:35-04:00,----,526863,A000058764,TRKNONE,1,null,null,null,null,null,null,null,null,null,null,2022-10-31T15:14:35-04:00,2021-04-08T01:33:42-04:00,null,null,SLDOWNLOAD_0,SLDOWNLOAD_0,SUPP526863,L'OREAL CANADA,SUP,L'ORï¿½AL CANADA,null,null,"ST-LAURENT, QUEBEC",04,H4L 4X1,null,2022-11-07
supmst,UPDATE,2022-10-31T15:14:35-04:00,----,526970,A000058771,TRKNONE,1,null,null,null,null,null,null,null,null,null,null,2022-10-31T15:14:35-04:00,2021-04-08T01:33:43-04:00,null,null,SLDOWNLOAD_0,SLDOWNLOAD_0,SUPP526970,KENDO-YIWU MAOTUO INTNTL,SUP,525 MARKET STREET,null,null,SAN FRANCISCO,CA,94105,null,2022-11-07
supmst,UPDATE,2022-10-31T15:14:35-04:00,----,527077,A000058778,TRKNONE,1,null,null,null,null,null,null,null,null,null,null,2022-10-31T15:14:35-04:00,2021-04-08T01:33:44-04:00,null,null,SLDOWNLOAD_0,SLDOWNLOAD_0,SUPP527077,TATCHA LLC,SUP,1517 NORTH POINT ST.,null,null,SAN FRANCISCO,CA,94123,null,2022-11-07
supmst,UPDATE,2022-10-31T15:14:35-04:00,----,527150,A000058785,TRKNONE,1,null,null,null,null,null,null,null,null,null,null,2022-10-31T15:14:35-04:00,2021-04-08T01:33:45-04:00,null,null,SLDOWNLOAD_0,SLDOWNLOAD_0,SUPP527150,MEDLINE,SUP,ONE MEDLINE PLACE,null,null,MUNDELEIN,IL,60061,null,2022-11-07
supmst,UPDATE,2022-10-31T15:14:35-04:00,----,534230,A011222599,TRKNONE,1,null,null,null,null,null,null,null,null,null,null,2022-10-31T15:14:35-04:00,2021-04-08T01:32:04-04:00,null,null,SLDOWNLOAD_0,SLDOWNLOAD_0,SUPP534230,SASI GROUP PTY LTD,SUP,14 MC PHERSON ST,null,null,SYDNEY,01,2567,null,2022-11-07
supmst,UPDATE,2022-10-31T15:14:35-04:00,----,534065,A008694994,TRKNONE,1,null,null,null,null,null,null,null,null,null,null,2022-10-31T15:14:35-04:00,2021-04-08T01:32:00-04:00,null,null,SLDOWNLOAD_0,SLDOWNLOAD_0,SUPP534065,VOLUSPA,SUP,2900 MCCABE WAY,null,null,IRVINE,CA,92614,null,2022-11-07
supmst,UPDATE,2022-10-31T15:14:35-04:00,----,533646,A000059140,TRKNONE,1,null,null,null,null,null,null,null,null,null,null,2022-10-31T15:14:35-04:00,2021-04-08T01:31:50-04:00,null,null,SLDOWNLOAD_0,SLDOWNLOAD_0,SUPP533646,GUTHY-RENKER LLC,SUP,GUTHY RENKER LLC,null,null,EL SEGUNDO,CA,90245,null,2022-11-07
supmst,UPDATE,2022-10-31T15:14:35-04:00,----,533984,A008158644,TRKNONE,1,null,null,null,null,null,null,null,null,null,null,2022-10-31T15:14:35-04:00,2021-04-08T01:31:58-04:00,null,null,SLDOWNLOAD_0,SLDOWNLOAD_0,SUPP533984,BY KILIAN,SUP,BY KILIAN INC.,null,null,PITTSBURGH,PA,15251,null,2022-11-07
supmst,UPDATE,2022-10-31T15:14:35-04:00,----,534131,A010004508,TRKNONE,1,null,null,null,null,null,null,null,null,null,null,2022-10-31T15:14:35-04:00,2021-04-08T01:32:01-04:00,null,null,SLDOWNLOAD_0,SLDOWNLOAD_0,SUPP534131,STRONG BRAND LAB LLC.,SUP,"181 N. 11TH STREET, SUITE 201",null,null,BROOKLYN,NY,11211,null,2022-11-07
supmst,UPDATE,2022-10-31T15:14:35-04:00,----,500363,A000058195,TRKNONE,1,null,null,null,null,null,null,null,null,null,null,2022-10-31T15:14:35-04:00,2021-04-08T01:31:44-04:00,null,null,SLDOWNLOAD_0,SLDOWNLOAD_0,SUPP500363,NARS COSMETICS,SUP,NARS COSMETIC,null,null,NEWARK,NJ,07189,null,2022-11-07
supmst,UPDATE,2022-10-31T15:14:35-04:00,----,500520,A000058210,TRKNONE,1,null,null,null,null,null,null,null,null,null,null,2022-10-31T15:14:35-04:00,2021-04-08T01:31:46-04:00,null,null,SLDOWNLOAD_0,SLDOWNLOAD_0,SUPP500520,RALPH LAUREN FRAGRANCES,SUP,L'OREAL,null,null,CHARLOTTE,NC,28275,null,2022-11-07
supmst,UPDATE,2022-10-31T15:14:35-04:00,----,501007,A000058223,TRKNONE,1,null,null,null,null,null,null,null,null,null,null,2022-10-31T15:14:35-04:00,2021-04-08T01:31:50-04:00,null,null,SLDOWNLOAD_0,SLDOWNLOAD_0,SUPP501007,MISC SUPPLIES VENDOR,SUP,MISC,null,null,SFO,..,..,null,2022-11-07
